{
  "mae": 5.571360341648412,
  "mse": 47.636180854111316,
  "rmse": 6.901896902599409,
  "r2": 0.647376867800679
}